0.000000000000000000e+00,0.000000000000000000e+00,0.000000000000000000e+00,2.618138159810244961e-02,0.000000000000000000e+00,0.000000000000000000e+00,0.000000000000000000e+00,6.262537096436743278e-02,3.642293931280717739e-02,0.000000000000000000e+00,0.000000000000000000e+00,6.769892435889464377e-02,1.217809642052756491e-01,1.103963813923027754e-01,6.958770277314478558e-02,0.000000000000000000e+00,0.000000000000000000e+00,4.881206517364294895e-02,8.317086831044502582e-02,0.000000000000000000e+00,0.000000000000000000e+00,0.000000000000000000e+00,0.000000000000000000e+00,3.208308958452451565e-01,1.110003276183581633e+00,1.256542874176047597e+00,7.794064580222810346e-01,2.950177949305823333e-01,0.000000000000000000e+00,0.000000000000000000e+00,5.189282585689774380e-02,1.443037894890036588e-01,1.046538516413673958e-02,0.000000000000000000e+00,0.000000000000000000e+00,0.000000000000000000e+00,0.000000000000000000e+00,7.107095647732963872e-02,2.132809787287103243e-01,1.170400547633556887e-01,6.132496242376485329e-02,0.000000000000000000e+00,0.000000000000000000e+00,0.000000000000000000e+00,0.000000000000000000e+00,0.000000000000000000e+00,0.000000000000000000e+00,2.204086915264078309e-02,1.150064463194403093e-02,0.000000000000000000e+00,0.000000000000000000e+00,0.000000000000000000e+00,0.000000000000000000e+00,0.000000000000000000e+00,2.965120658479034749e-02,3.184391546200813355e-02,2.398319499517061540e-02,0.000000000000000000e+00,0.000000000000000000e+00,0.000000000000000000e+00,0.000000000000000000e+00,0.000000000000000000e+00,0.000000000000000000e+00,1.432793558706421146e-02,5.548916448763258416e-03,0.000000000000000000e+00,0.000000000000000000e+00,2.418400772364940905e-03,4.036621270618887328e-03,0.000000000000000000e+00,0.000000000000000000e+00,4.874654107536147488e-03,5.040589035906094771e-03,0.000000000000000000e+00,0.000000000000000000e+00,0.000000000000000000e+00,0.000000000000000000e+00,0.000000000000000000e+00,5.653022596490558938e-04,2.913324499064054961e-03,4.654674046450789533e-03,5.091273590996504665e-03,3.615137536940606165e-03,0.000000000000000000e+00,0.000000000000000000e+00,1.765834200260493064e-03,2.774262652370723409e-03,2.980726912010080686e-03,7.573604819748121653e-04,0.000000000000000000e+00,0.000000000000000000e+00,7.319171361719555263e-05,2.922387663002586240e-03,4.009860617783027499e-03,0.000000000000000000e+00,0.000000000000000000e+00,0.000000000000000000e+00,0.000000000000000000e+00,0.000000000000000000e+00,0.000000000000000000e+00
0.000000000000000000e+00,0.000000000000000000e+00,0.000000000000000000e+00,0.000000000000000000e+00,0.000000000000000000e+00,0.000000000000000000e+00,3.998710705352062078e-01,1.480465837309990818e+00,2.410489980383913711e+00,2.395870680106576778e+00,1.554665331322821364e+00,4.284881273110313638e-01,0.000000000000000000e+00,0.000000000000000000e+00,0.000000000000000000e+00,0.000000000000000000e+00,1.269356880200366369e-02,0.000000000000000000e+00,0.000000000000000000e+00,9.438032266439209950e-02,1.917060775750859328e-04,0.000000000000000000e+00,0.000000000000000000e+00,9.114095390944069661e-03,0.000000000000000000e+00,0.000000000000000000e+00,0.000000000000000000e+00,0.000000000000000000e+00,0.000000000000000000e+00,0.000000000000000000e+00,0.000000000000000000e+00,3.800705541341053290e-02,0.000000000000000000e+00,0.000000000000000000e+00,0.000000000000000000e+00,0.000000000000000000e+00,0.000000000000000000e+00,0.000000000000000000e+00,0.000000000000000000e+00,0.000000000000000000e+00,0.000000000000000000e+00,0.000000000000000000e+00,0.000000000000000000e+00,0.000000000000000000e+00,0.000000000000000000e+00,0.000000000000000000e+00,2.227379668686016792e-02,0.000000000000000000e+00,0.000000000000000000e+00,0.000000000000000000e+00,0.000000000000000000e+00,0.000000000000000000e+00,0.000000000000000000e+00,0.000000000000000000e+00,0.000000000000000000e+00,0.000000000000000000e+00,0.000000000000000000e+00,0.000000000000000000e+00,0.000000000000000000e+00,4.242689334738931027e-03,0.000000000000000000e+00,0.000000000000000000e+00,2.011949014580112147e-03,1.111762335021218226e-02,1.405683803591642987e-02,2.042381090343543121e-02,1.823380238289127805e-02,1.655151530292282153e-02,6.201884607215218601e-03,0.000000000000000000e+00,0.000000000000000000e+00,0.000000000000000000e+00,1.072415251493035251e-02,1.888088861558848489e-02,1.761182025648488220e-02,1.309969511023875884e-02,9.931585083995669513e-03,1.602494649465802459e-02,1.639458453178180286e-02,1.271781273619369476e-02,1.201989107110445348e-02,1.131951026719923460e-02,5.760829455296057229e-03,2.584108897415485565e-03,0.000000000000000000e+00,0.000000000000000000e+00,0.000000000000000000e+00,0.000000000000000000e+00,3.123220898292109436e-03,7.393176801568543746e-03,1.289453516747802141e-02,1.481613685182227129e-02,1.380023979336654841e-02,1.342445586087333623e-02,1.369589775484735157e-02,5.282733508903326124e-03,2.329509073050222562e-03,0.000000000000000000e+00,0.000000000000000000e+00,0.000000000000000000e+00
0.000000000000000000e+00,3.420004540929226251e-03,6.559115838941134355e-03,0.000000000000000000e+00,0.000000000000000000e+00,0.000000000000000000e+00,0.000000000000000000e+00,0.000000000000000000e+00,0.000000000000000000e+00,2.390040354406486323e-03,0.000000000000000000e+00,0.000000000000000000e+00,0.000000000000000000e+00,0.000000000000000000e+00,0.000000000000000000e+00,2.227864154607316766e-02,0.000000000000000000e+00,0.000000000000000000e+00,2.987742779743992813e-02,0.000000000000000000e+00,7.040657103858782330e-03,7.335978763316571005e-02,7.229627522644635484e-02,9.364616616951386766e-03,0.000000000000000000e+00,7.166949063921333740e-02,3.109653208949875736e-01,2.743391151411216367e-01,0.000000000000000000e+00,0.000000000000000000e+00,5.696653719007619548e-02,2.045314555770826326e-01,0.000000000000000000e+00,8.476576707093286256e-02,2.339773322929547539e-01,0.000000000000000000e+00,0.000000000000000000e+00,0.000000000000000000e+00,0.000000000000000000e+00,0.000000000000000000e+00,0.000000000000000000e+00,0.000000000000000000e+00,0.000000000000000000e+00,0.000000000000000000e+00,0.000000000000000000e+00,0.000000000000000000e+00,0.000000000000000000e+00,1.237010109516577111e-01,5.164046067709757715e-01,4.821766749504219907e-01,2.025157168865244217e-01,1.497095486422033404e-02,0.000000000000000000e+00,2.432859055727715769e-01,1.013592138348565985e+00,1.600547502827548652e+00,1.773075465241839677e+00,1.795762568135562676e+00,1.339519812183998626e+00,6.573580779353899173e-01,5.483943281997683689e-03,0.000000000000000000e+00,1.946866026722146037e-01,2.836681315746013565e-01,2.093776227949436242e-01,2.455645945737914074e-02,0.000000000000000000e+00,0.000000000000000000e+00,5.355881486781478677e-03,0.000000000000000000e+00,0.000000000000000000e+00,7.553437645377348870e-04,0.000000000000000000e+00,0.000000000000000000e+00,5.613385700663501426e-03,0.000000000000000000e+00,0.000000000000000000e+00,0.000000000000000000e+00,4.109931629582400797e-03,0.000000000000000000e+00,0.000000000000000000e+00,0.000000000000000000e+00,0.000000000000000000e+00,0.000000000000000000e+00,5.014949362799702055e-03,4.352895461851179898e-02,8.659820619491147287e-02,1.289507462603787236e-01,5.639093313671316582e-02,0.000000000000000000e+00,0.000000000000000000e+00,0.000000000000000000e+00,4.275684848358418666e-02,7.320322763743908334e-02,8.137520578862114662e-02,6.516233453526726338e-02,5.410906675198429855e-02,3.674870866879566267e-02,1.649897364604580030e-02,0.000000000000000000e+00
0.000000000000000000e+00,3.352189211152784704e-02,0.000000000000000000e+00,0.000000000000000000e+00,0.000000000000000000e+00,0.000000000000000000e+00,0.000000000000000000e+00,0.000000000000000000e+00,1.607355999817716430e-01,0.000000000000000000e+00,0.000000000000000000e+00,0.000000000000000000e+00,3.844684801656632622e-01,7.700169881095464408e-01,6.230022143876038365e-01,3.644706717791283412e-01,1.037642430061212623e-01,3.278538777009408767e-01,0.000000000000000000e+00,0.000000000000000000e+00,5.324251051347073105e-01,5.291364798491297039e-01,1.321359115151281988e-02,0.000000000000000000e+00,0.000000000000000000e+00,4.820619713070143364e-01,3.666001344575063881e-01,1.771844218216263311e-01,0.000000000000000000e+00,0.000000000000000000e+00,0.000000000000000000e+00,1.473709122589531573e+00,4.591693438732547428e+00,7.290544235970776832e+00,6.372678913615224872e+00,5.197086917809452089e+00,3.490330672709511362e+00,2.639726733573017459e+00,1.244736607609720158e+00,8.891775389690957931e-01,6.293978549069312312e-01,0.000000000000000000e+00,0.000000000000000000e+00,0.000000000000000000e+00,0.000000000000000000e+00,2.420816554227545325e-01,5.554330730569945196e-01,4.354351091764231962e-01,0.000000000000000000e+00,0.000000000000000000e+00,0.000000000000000000e+00,0.000000000000000000e+00,0.000000000000000000e+00,8.560277881085505414e-02,6.481540819889289318e-02,0.000000000000000000e+00,0.000000000000000000e+00,0.000000000000000000e+00,0.000000000000000000e+00,0.000000000000000000e+00,2.261508190577198041e-02,0.000000000000000000e+00,0.000000000000000000e+00,4.847616324081523848e-02,7.453483243812918969e-03,0.000000000000000000e+00,0.000000000000000000e+00,0.000000000000000000e+00,0.000000000000000000e+00,0.000000000000000000e+00,0.000000000000000000e+00,0.000000000000000000e+00,0.000000000000000000e+00,0.000000000000000000e+00,0.000000000000000000e+00,0.000000000000000000e+00,0.000000000000000000e+00,0.000000000000000000e+00,0.000000000000000000e+00,0.000000000000000000e+00,1.145665355176371698e-02,1.756753914245116205e-02,1.321150090190888887e-02,0.000000000000000000e+00,0.000000000000000000e+00,0.000000000000000000e+00,2.320892641448209226e-02,4.051878437009255596e-02,3.156774335560880163e-02,2.056927532091633662e-02,2.367586859497818400e-02,1.287830499300755480e-02,0.000000000000000000e+00,0.000000000000000000e+00,0.000000000000000000e+00,0.000000000000000000e+00,0.000000000000000000e+00,0.000000000000000000e+00,0.000000000000000000e+00,0.000000000000000000e+00
0.000000000000000000e+00,0.000000000000000000e+00,0.000000000000000000e+00,0.000000000000000000e+00,0.000000000000000000e+00,0.000000000000000000e+00,0.000000000000000000e+00,0.000000000000000000e+00,0.000000000000000000e+00,0.000000000000000000e+00,0.000000000000000000e+00,0.000000000000000000e+00,0.000000000000000000e+00,0.000000000000000000e+00,2.380995233672236200e-01,0.000000000000000000e+00,0.000000000000000000e+00,2.396037398773467053e-01,0.000000000000000000e+00,0.000000000000000000e+00,3.510466573212651931e-02,0.000000000000000000e+00,0.000000000000000000e+00,0.000000000000000000e+00,1.269373992446896360e-01,0.000000000000000000e+00,0.000000000000000000e+00,0.000000000000000000e+00,1.294356176866621189e-01,0.000000000000000000e+00,0.000000000000000000e+00,0.000000000000000000e+00,0.000000000000000000e+00,0.000000000000000000e+00,0.000000000000000000e+00,1.035450308432290384e-01,0.000000000000000000e+00,0.000000000000000000e+00,0.000000000000000000e+00,0.000000000000000000e+00,0.000000000000000000e+00,4.832836344219825463e-03,0.000000000000000000e+00,0.000000000000000000e+00,0.000000000000000000e+00,0.000000000000000000e+00,0.000000000000000000e+00,7.819908048769412534e-02,0.000000000000000000e+00,0.000000000000000000e+00,0.000000000000000000e+00,0.000000000000000000e+00,3.300899447895711547e-01,6.721594616244928044e-01,0.000000000000000000e+00,0.000000000000000000e+00,3.340280683442756748e-01,4.369724909360142018e-01,3.794202965723151855e-01,4.037964072854648423e-01,1.299526170372398981e-01,0.000000000000000000e+00,0.000000000000000000e+00,0.000000000000000000e+00,6.230852340245754961e-01,3.547821482484533551e+00,6.331474724432002432e+00,7.069600570652248450e+00,5.417443734027987290e+00,3.015685164019145770e+00,1.169240417455984282e+00,0.000000000000000000e+00,0.000000000000000000e+00,0.000000000000000000e+00,3.608247943030589711e-01,1.014554266050773368e-01,0.000000000000000000e+00,7.097229034031221628e-02,1.376455303996507867e-02,0.000000000000000000e+00,4.409619012893300355e-02,2.844275478820892065e-03,0.000000000000000000e+00,0.000000000000000000e+00,6.825071609193787692e-02,1.349217549513407333e-01,1.155373088294989609e-01,1.088894372288598394e-01,7.353004893704083444e-02,0.000000000000000000e+00,0.000000000000000000e+00,0.000000000000000000e+00,4.624213363651343001e-02,1.574436684642595563e-01,2.235590727746157580e-01,2.832220492460967853e-01,2.465352128136456822e-01,1.554837041530993391e-01,4.806645551688013690e-02,0.000000000000000000e+00
0.000000000000000000e+00,0.000000000000000000e+00,0.000000000000000000e+00,0.000000000000000000e+00,3.707216254079749862e-01,7.194114375383644511e-01,3.204055322178685494e-01,0.000000000000000000e+00,0.000000000000000000e+00,1.613575590004751481e+00,4.415950573000170465e+00,6.433202919588017821e+00,4.818379201690571101e+00,2.018090844482306689e+00,3.852191512801336759e-01,0.000000000000000000e+00,0.000000000000000000e+00,1.000307582379588306e-01,3.353378484812351290e-02,7.525733253736283102e-01,2.220565602036642383e-01,0.000000000000000000e+00,0.000000000000000000e+00,0.000000000000000000e+00,0.000000000000000000e+00,0.000000000000000000e+00,0.000000000000000000e+00,0.000000000000000000e+00,0.000000000000000000e+00,0.000000000000000000e+00,1.788734797645163965e-02,4.018700546664946693e-02,0.000000000000000000e+00,0.000000000000000000e+00,1.536509481600353832e-01,1.997431058696502171e-01,0.000000000000000000e+00,0.000000000000000000e+00,0.000000000000000000e+00,0.000000000000000000e+00,0.000000000000000000e+00,0.000000000000000000e+00,0.000000000000000000e+00,1.073049121465563527e-01,0.000000000000000000e+00,0.000000000000000000e+00,0.000000000000000000e+00,5.204470377236922879e-02,6.764401644486174245e-03,0.000000000000000000e+00,0.000000000000000000e+00,0.000000000000000000e+00,0.000000000000000000e+00,1.135895766648980718e-02,0.000000000000000000e+00,0.000000000000000000e+00,0.000000000000000000e+00,0.000000000000000000e+00,0.000000000000000000e+00,0.000000000000000000e+00,1.176505036553755594e-02,0.000000000000000000e+00,0.000000000000000000e+00,0.000000000000000000e+00,0.000000000000000000e+00,0.000000000000000000e+00,0.000000000000000000e+00,0.000000000000000000e+00,1.846289004791398444e-02,4.902996041899430196e-02,5.890124590728157417e-02,4.635026986188731102e-02,9.543664296109781106e-03,0.000000000000000000e+00,1.908365698020423121e-03,3.783394673617182513e-02,7.835244811088601380e-02,7.853681533067166654e-02,7.929590108517069191e-02,8.106646940491253617e-02,7.120896539028984118e-02,2.200815158869748323e-02,0.000000000000000000e+00,0.000000000000000000e+00,0.000000000000000000e+00,0.000000000000000000e+00,0.000000000000000000e+00,0.000000000000000000e+00,0.000000000000000000e+00,1.273974671897357179e-03,5.261978211981590756e-03,8.532315917549247036e-03,0.000000000000000000e+00,3.189832524059971718e-03,1.470547846071024525e-02,1.026443937393441280e-01,1.312109277430486554e-01,1.504664498452440713e-01,1.443109452449343189e-01,1.195306317846787231e-01
4.486916084614869099e-02,0.000000000000000000e+00,0.000000000000000000e+00,0.000000000000000000e+00,3.552969943217317711e-02,4.376333125998847079e-02,0.000000000000000000e+00,0.000000000000000000e+00,0.000000000000000000e+00,0.000000000000000000e+00,0.000000000000000000e+00,0.000000000000000000e+00,4.961195797467229940e-02,0.000000000000000000e+00,0.000000000000000000e+00,0.000000000000000000e+00,0.000000000000000000e+00,0.000000000000000000e+00,1.205083421426703938e-01,2.458359163367387218e-02,0.000000000000000000e+00,0.000000000000000000e+00,0.000000000000000000e+00,0.000000000000000000e+00,0.000000000000000000e+00,2.178538309185168442e-02,0.000000000000000000e+00,0.000000000000000000e+00,0.000000000000000000e+00,4.303371332796343540e-02,4.117744920172858314e-01,3.059080631083345714e-01,0.000000000000000000e+00,0.000000000000000000e+00,2.216875659463390935e-01,2.326422550776481024e-01,0.000000000000000000e+00,0.000000000000000000e+00,2.627288299570632382e-02,0.000000000000000000e+00,0.000000000000000000e+00,0.000000000000000000e+00,0.000000000000000000e+00,0.000000000000000000e+00,1.458911748881951478e-02,0.000000000000000000e+00,0.000000000000000000e+00,9.733333221600506957e-02,2.740406143586013865e-01,3.376467159768874460e-01,2.489713218825755636e-01,1.150501529348581797e-01,0.000000000000000000e+00,0.000000000000000000e+00,0.000000000000000000e+00,0.000000000000000000e+00,4.258064460124273698e-02,3.038056146608426045e-01,4.995386524708427811e-01,3.588198127264586867e-01,0.000000000000000000e+00,0.000000000000000000e+00,3.365237426339264815e-01,3.868742284826224287e-01,1.516965427889808982e-01,0.000000000000000000e+00,1.013336812304601736e-01,5.501780615701966637e-01,7.758101435003853519e-01,7.558722762633717229e-01,2.297063647747625281e-01,0.000000000000000000e+00,0.000000000000000000e+00,0.000000000000000000e+00,0.000000000000000000e+00,0.000000000000000000e+00,0.000000000000000000e+00,1.290491735343272939e-01,5.079611079409824814e-01,6.277754108489007612e-01,3.264626230596345269e-01,0.000000000000000000e+00,0.000000000000000000e+00,1.719889927398483565e-01,2.487938659750693393e+00,5.669829297864471762e+00,8.538837818308458338e+00,1.052417281267740456e+01,1.051037310234007016e+01,8.994860031623634455e+00,6.850202691825217016e+00,4.458310624388259313e+00,2.329513300809813003e+00,8.077262178867722353e-01,0.000000000000000000e+00,0.000000000000000000e+00,0.000000000000000000e+00,4.978487693079936549e-01,9.990153296348914802e-01,1.237321562783257223e+00
5.618722967721389017e-01,0.000000000000000000e+00,0.000000000000000000e+00,1.057358609218890660e-01,2.358149573145645328e-01,0.000000000000000000e+00,0.000000000000000000e+00,0.000000000000000000e+00,2.171924580343604361e-01,5.834771192823950958e-01,1.068321229213998969e+00,3.719849443245108467e-01,0.000000000000000000e+00,0.000000000000000000e+00,0.000000000000000000e+00,6.044325242619225623e-03,0.000000000000000000e+00,2.077888425535807590e-02,1.624020350969028081e+00,9.066615272311775442e-01,1.990369177395608924e-01,0.000000000000000000e+00,0.000000000000000000e+00,1.370675723372783983e+00,1.393450137418589030e+00,7.287960256607207699e-01,0.000000000000000000e+00,0.000000000000000000e+00,1.853443270338786253e-01,7.936672586940075602e-01,1.381860370176562380e+00,0.000000000000000000e+00,0.000000000000000000e+00,0.000000000000000000e+00,2.239663569864736470e+00,8.250219721582736199e+00,1.101959594511018636e+01,7.486413339169036618e+00,1.721445287465311613e-01,0.000000000000000000e+00,0.000000000000000000e+00,3.032556140209547113e+00,5.383442895059808109e+00,5.352992150797151183e+00,3.718536627314994458e+00,7.915685108045825702e-01,0.000000000000000000e+00,0.000000000000000000e+00,6.748600070234985759e-01,8.440933930841429955e-01,2.333255588714555906e-01,6.648761434487167332e-02,2.276605091158085889e-02,0.000000000000000000e+00,0.000000000000000000e+00,0.000000000000000000e+00,0.000000000000000000e+00,0.000000000000000000e+00,0.000000000000000000e+00,9.195288017076158615e-02,0.000000000000000000e+00,0.000000000000000000e+00,5.157914319242692947e-02,0.000000000000000000e+00,0.000000000000000000e+00,0.000000000000000000e+00,0.000000000000000000e+00,4.756829400904975108e-02,5.135892148007632774e-02,0.000000000000000000e+00,0.000000000000000000e+00,0.000000000000000000e+00,0.000000000000000000e+00,0.000000000000000000e+00,8.270517257634439623e-03,0.000000000000000000e+00,4.781819715925950121e-03,0.000000000000000000e+00,0.000000000000000000e+00,0.000000000000000000e+00,0.000000000000000000e+00,0.000000000000000000e+00,1.514807215286099323e-02,4.356087784152527093e-02,3.604812077992692460e-02,3.097205452484923238e-02,0.000000000000000000e+00,0.000000000000000000e+00,0.000000000000000000e+00,3.001270573435282224e-02,4.004090167508406878e-02,5.562815920716222828e-02,7.207858767239951059e-02,6.943329266492764829e-02,4.621303565668316571e-02,2.031690077736239899e-02,4.920306422086411120e-03,0.000000000000000000e+00,0.000000000000000000e+00,0.000000000000000000e+00
0.000000000000000000e+00,6.152471534937568876e-02,1.524123310979342560e-01,1.381361402179676345e-01,0.000000000000000000e+00,0.000000000000000000e+00,0.000000000000000000e+00,0.000000000000000000e+00,0.000000000000000000e+00,0.000000000000000000e+00,7.329088785176134102e-02,0.000000000000000000e+00,0.000000000000000000e+00,0.000000000000000000e+00,3.427815005947251747e-01,2.034606495533455739e+00,4.993152539445667060e+00,7.019478292812221021e+00,6.443102230777294714e+00,3.416348537898279414e-01,2.335973135500799547e-01,7.125169208713252322e-01,5.979562009816268286e-01,0.000000000000000000e+00,0.000000000000000000e+00,0.000000000000000000e+00,2.543318098928535886e-01,0.000000000000000000e+00,0.000000000000000000e+00,0.000000000000000000e+00,0.000000000000000000e+00,4.982354135865668665e-02,0.000000000000000000e+00,8.944910477926876213e-02,0.000000000000000000e+00,0.000000000000000000e+00,0.000000000000000000e+00,1.831274077852719506e-01,0.000000000000000000e+00,0.000000000000000000e+00,1.758098198694878489e-01,4.771106804215926034e-01,1.078577799881859783e-01,0.000000000000000000e+00,0.000000000000000000e+00,1.280104670379125786e-01,1.939666262347740089e-01,0.000000000000000000e+00,0.000000000000000000e+00,0.000000000000000000e+00,2.454650866222459621e-02,1.735298756768372530e-01,1.028477764217307529e-02,0.000000000000000000e+00,0.000000000000000000e+00,0.000000000000000000e+00,0.000000000000000000e+00,3.139010343714331019e-02,0.000000000000000000e+00,0.000000000000000000e+00,0.000000000000000000e+00,0.000000000000000000e+00,0.000000000000000000e+00,0.000000000000000000e+00,0.000000000000000000e+00,4.432015843500921974e-03,0.000000000000000000e+00,4.330804732497763564e-03,0.000000000000000000e+00,0.000000000000000000e+00,0.000000000000000000e+00,4.297765795080941975e-02,8.732838296068536066e-02,5.886985278890825152e-02,0.000000000000000000e+00,0.000000000000000000e+00,0.000000000000000000e+00,0.000000000000000000e+00,9.168986483531000459e-03,9.823995347940945450e-03,0.000000000000000000e+00,0.000000000000000000e+00,0.000000000000000000e+00,0.000000000000000000e+00,0.000000000000000000e+00,1.078623499342706328e-02,2.747198145138959186e-02,1.076276229478655665e-02,2.700647838724797023e-02,3.303139227635328717e-02,4.306350364411261344e-02,3.995853765513127792e-02,3.273288531825590403e-02,7.617842472799963779e-03,0.000000000000000000e+00,0.000000000000000000e+00,0.000000000000000000e+00,0.000000000000000000e+00,2.304065882053139402e-03,0.000000000000000000e+00
0.000000000000000000e+00,2.647312831869325436e-02,0.000000000000000000e+00,0.000000000000000000e+00,0.000000000000000000e+00,0.000000000000000000e+00,0.000000000000000000e+00,0.000000000000000000e+00,0.000000000000000000e+00,0.000000000000000000e+00,0.000000000000000000e+00,2.091031546507927885e+00,6.584948155482865495e+00,1.001428777652545143e+01,1.155379627196990988e+01,9.142877019907857061e+00,4.581679929468976731e+00,1.248349227503458669e+00,0.000000000000000000e+00,0.000000000000000000e+00,0.000000000000000000e+00,0.000000000000000000e+00,0.000000000000000000e+00,0.000000000000000000e+00,0.000000000000000000e+00,0.000000000000000000e+00,0.000000000000000000e+00,0.000000000000000000e+00,0.000000000000000000e+00,0.000000000000000000e+00,0.000000000000000000e+00,0.000000000000000000e+00,0.000000000000000000e+00,0.000000000000000000e+00,0.000000000000000000e+00,0.000000000000000000e+00,0.000000000000000000e+00,0.000000000000000000e+00,0.000000000000000000e+00,0.000000000000000000e+00,5.011492833820159198e-01,1.801295700146774426e+00,2.085772687601262554e+00,6.411415846694000775e-01,9.025787011668630067e-01,8.413424985456513516e-01,0.000000000000000000e+00,0.000000000000000000e+00,1.725236087736204127e-01,8.804920489208065693e-01,1.016452654626099683e+00,9.234716212675484481e-01,9.707930008008259781e-01,6.360159857384772852e-01,2.183108695766593776e-01,0.000000000000000000e+00,0.000000000000000000e+00,0.000000000000000000e+00,0.000000000000000000e+00,0.000000000000000000e+00,4.867294177200466310e-01,4.282663755594410260e-01,0.000000000000000000e+00,0.000000000000000000e+00,0.000000000000000000e+00,0.000000000000000000e+00,0.000000000000000000e+00,0.000000000000000000e+00,1.831399606315005715e-02,4.095752045423737414e-02,1.294707105689574603e-02,0.000000000000000000e+00,2.626391457782979721e-02,7.896101183555821745e-02,3.465113769814746197e-02,2.714029025329301251e-02,4.813711402894643027e-02,1.285206300951009517e-01,1.591537995400083005e-01,1.747608203849344011e-01,1.867500689164141026e-01,1.726491700701216492e-01,1.187975494925613412e-01,3.021445805809395632e-02,1.821471050280846181e-03,4.538723723672670463e-02,1.095421612858865495e-01,1.649513271470404996e-01,9.093358864668751873e-02,5.185948009443755446e-02,2.724690062001666746e-02,0.000000000000000000e+00,0.000000000000000000e+00,1.802138102698298827e-02,7.384932820953063470e-02,1.015932121081714323e-01,9.629137297631623627e-02,1.178986932769634510e-01,1.614507032350350479e-01,1.910955742878953922e-01
0.000000000000000000e+00,2.474636378767198774e-01,1.774865390263616338e-01,0.000000000000000000e+00,0.000000000000000000e+00,0.000000000000000000e+00,5.533905858519466009e-02,0.000000000000000000e+00,0.000000000000000000e+00,7.372378145046908082e-02,0.000000000000000000e+00,0.000000000000000000e+00,9.053109870175275742e-02,0.000000000000000000e+00,0.000000000000000000e+00,2.609593027642350127e-01,5.425983160058999166e-01,0.000000000000000000e+00,0.000000000000000000e+00,2.030789987081446923e-01,0.000000000000000000e+00,1.461860176899049402e-01,8.309397034617930222e-01,2.030766177780790327e-01,0.000000000000000000e+00,0.000000000000000000e+00,5.464997025601301545e-03,0.000000000000000000e+00,3.181219064658680207e-01,2.420261503620516841e+00,5.678143649912095192e+00,6.753441968391592276e+00,4.526206713744026722e+00,1.241261775675553958e+00,0.000000000000000000e+00,0.000000000000000000e+00,0.000000000000000000e+00,0.000000000000000000e+00,6.746313874475945438e-01,4.184110151681005307e-01,0.000000000000000000e+00,0.000000000000000000e+00,2.376801386003709049e-01,1.635943258021097524e-01,0.000000000000000000e+00,0.000000000000000000e+00,1.798442123334103027e-01,4.726812076877400237e-01,1.606366948487932822e-01,0.000000000000000000e+00,0.000000000000000000e+00,0.000000000000000000e+00,0.000000000000000000e+00,0.000000000000000000e+00,3.777801580448594907e-03,0.000000000000000000e+00,0.000000000000000000e+00,0.000000000000000000e+00,0.000000000000000000e+00,0.000000000000000000e+00,6.886149972034260637e-03,0.000000000000000000e+00,0.000000000000000000e+00,0.000000000000000000e+00,0.000000000000000000e+00,0.000000000000000000e+00,0.000000000000000000e+00,0.000000000000000000e+00,0.000000000000000000e+00,0.000000000000000000e+00,0.000000000000000000e+00,0.000000000000000000e+00,0.000000000000000000e+00,0.000000000000000000e+00,0.000000000000000000e+00,0.000000000000000000e+00,0.000000000000000000e+00,0.000000000000000000e+00,1.300294514478004745e-02,2.270157577822326175e-02,2.374063661317028437e-02,2.221452387987216809e-02,1.499855695799900621e-02,0.000000000000000000e+00,0.000000000000000000e+00,0.000000000000000000e+00,0.000000000000000000e+00,0.000000000000000000e+00,0.000000000000000000e+00,1.152541475534470117e-02,2.592484791968622734e-02,1.815709203768012606e-02,2.561427068938345285e-03,0.000000000000000000e+00,0.000000000000000000e+00,0.000000000000000000e+00,0.000000000000000000e+00,0.000000000000000000e+00,0.000000000000000000e+00,0.000000000000000000e+00
2.024478158248740195e-02,0.000000000000000000e+00,0.000000000000000000e+00,0.000000000000000000e+00,0.000000000000000000e+00,0.000000000000000000e+00,3.516889565667158987e-03,2.149818227640639366e-03,0.000000000000000000e+00,0.000000000000000000e+00,0.000000000000000000e+00,0.000000000000000000e+00,1.562162834495661456e-01,7.701488042772541842e-02,0.000000000000000000e+00,7.596142048244723666e-02,0.000000000000000000e+00,1.398310539724899673e-02,1.260277485962624788e-01,2.924458371758378861e-01,3.103198049655536347e-02,0.000000000000000000e+00,0.000000000000000000e+00,1.273850219814439966e-01,0.000000000000000000e+00,0.000000000000000000e+00,0.000000000000000000e+00,4.545475315292128726e-02,4.014600054906846544e-02,0.000000000000000000e+00,0.000000000000000000e+00,1.275732325006228574e-01,5.247975415313752556e-01,3.406711500488006639e-01,0.000000000000000000e+00,0.000000000000000000e+00,0.000000000000000000e+00,0.000000000000000000e+00,0.000000000000000000e+00,0.000000000000000000e+00,0.000000000000000000e+00,0.000000000000000000e+00,4.329408064912615428e-01,6.277907850182381511e-01,1.698383040259055510e-01,5.280833414945341753e-01,6.171080887955877614e-01,9.224343680770073772e-02,0.000000000000000000e+00,0.000000000000000000e+00,5.829765477349253544e-01,5.551486063558314088e-01,0.000000000000000000e+00,0.000000000000000000e+00,8.112340401768598497e-01,1.041678397390549016e+00,8.898349502537507005e-01,0.000000000000000000e+00,0.000000000000000000e+00,0.000000000000000000e+00,1.607687998357798742e+00,6.827033345820558985e+00,9.118889397776730021e+00,5.527506984309847660e+00,1.601849282004513153e+00,0.000000000000000000e+00,0.000000000000000000e+00,1.145384287643147758e-01,2.439604814396989507e-01,7.095532800563152109e-02,0.000000000000000000e+00,0.000000000000000000e+00,4.224585441724597323e-02,4.273779239592172610e-03,0.000000000000000000e+00,0.000000000000000000e+00,0.000000000000000000e+00,7.156530009276057536e-02,4.945212757667154929e-02,0.000000000000000000e+00,1.996964232342127686e-03,0.000000000000000000e+00,0.000000000000000000e+00,0.000000000000000000e+00,4.035820721099293851e-02,1.046390686726958313e-01,7.296355071858169616e-02,3.859334018795291393e-02,0.000000000000000000e+00,0.000000000000000000e+00,5.113308683438239077e-02,8.433160635402066341e-02,8.854130238031703015e-02,4.405353616876520745e-02,0.000000000000000000e+00,2.444685593395974979e-02,5.193484793624165985e-02,5.403258410262061495e-02,4.945735869970434989e-02,5.830281886739795832e-02
0.000000000000000000e+00,0.000000000000000000e+00,0.000000000000000000e+00,0.000000000000000000e+00,0.000000000000000000e+00,0.000000000000000000e+00,0.000000000000000000e+00,0.000000000000000000e+00,0.000000000000000000e+00,2.157038003957229520e-03,0.000000000000000000e+00,0.000000000000000000e+00,0.000000000000000000e+00,0.000000000000000000e+00,0.000000000000000000e+00,0.000000000000000000e+00,0.000000000000000000e+00,0.000000000000000000e+00,0.000000000000000000e+00,0.000000000000000000e+00,4.316272965146530222e-02,0.000000000000000000e+00,0.000000000000000000e+00,0.000000000000000000e+00,1.214621391388126109e-01,3.114580855247317884e-02,0.000000000000000000e+00,0.000000000000000000e+00,4.435437205015297368e-01,8.515648390883365781e-01,3.279861970091081380e-01,0.000000000000000000e+00,0.000000000000000000e+00,0.000000000000000000e+00,0.000000000000000000e+00,3.070941626012103631e-01,9.117799417209226931e-02,1.142750993110405039e-01,0.000000000000000000e+00,0.000000000000000000e+00,0.000000000000000000e+00,0.000000000000000000e+00,0.000000000000000000e+00,0.000000000000000000e+00,0.000000000000000000e+00,4.143979410831939020e-02,0.000000000000000000e+00,0.000000000000000000e+00,0.000000000000000000e+00,6.173913475256759265e-02,2.978409712535742271e-01,1.736254903742428246e-01,0.000000000000000000e+00,0.000000000000000000e+00,1.275877794050002401e-01,0.000000000000000000e+00,0.000000000000000000e+00,8.093438443383189629e-01,7.773048542001220751e-01,7.562711450726854467e-01,4.343747941203132679e-01,0.000000000000000000e+00,0.000000000000000000e+00,0.000000000000000000e+00,7.477308849367043930e-02,0.000000000000000000e+00,0.000000000000000000e+00,1.809716356001106030e+00,4.259490632999254345e+00,6.140108383465652686e+00,6.969893156483847996e+00,6.297468609487671287e+00,3.927191007524775568e+00,1.527753479219092769e+00,0.000000000000000000e+00,0.000000000000000000e+00,0.000000000000000000e+00,1.324519378218175503e-01,1.878517714177233566e-01,6.860287356560519634e-02,3.402578662409922773e-03,0.000000000000000000e+00,0.000000000000000000e+00,0.000000000000000000e+00,8.918540997953727442e-03,0.000000000000000000e+00,0.000000000000000000e+00,0.000000000000000000e+00,7.260506423250377706e-02,2.181337812398287668e-01,1.476954593415092387e-01,4.940308663281741189e-03,0.000000000000000000e+00,0.000000000000000000e+00,0.000000000000000000e+00,0.000000000000000000e+00,0.000000000000000000e+00,2.830132230063234222e-02,7.190095055096068499e-02,1.078957526186479637e-01
2.177205685425041837e-01,2.619099043712634980e-02,0.000000000000000000e+00,0.000000000000000000e+00,0.000000000000000000e+00,0.000000000000000000e+00,0.000000000000000000e+00,0.000000000000000000e+00,0.000000000000000000e+00,0.000000000000000000e+00,0.000000000000000000e+00,0.000000000000000000e+00,0.000000000000000000e+00,0.000000000000000000e+00,0.000000000000000000e+00,0.000000000000000000e+00,1.768413428435454682e-01,4.920899406111782781e-01,0.000000000000000000e+00,0.000000000000000000e+00,2.085908118673700240e-01,0.000000000000000000e+00,1.515280600922702670e-01,5.540750018092960999e-02,0.000000000000000000e+00,0.000000000000000000e+00,0.000000000000000000e+00,0.000000000000000000e+00,0.000000000000000000e+00,0.000000000000000000e+00,0.000000000000000000e+00,2.291761389531098980e-01,9.553070174966966643e-01,1.105998367615177003e+00,0.000000000000000000e+00,0.000000000000000000e+00,0.000000000000000000e+00,0.000000000000000000e+00,0.000000000000000000e+00,0.000000000000000000e+00,0.000000000000000000e+00,5.649201389360439807e-01,1.057554765859054086e-01,0.000000000000000000e+00,2.038478675363449844e-01,4.093319505428048899e+00,8.071434033420679555e+00,9.630032618941278599e+00,7.221934471029180180e+00,6.465672373445798371e+00,6.112330032070853569e+00,4.838191635956166969e+00,3.370821970248550681e+00,1.931423286629908587e+00,0.000000000000000000e+00,0.000000000000000000e+00,3.618826602973205797e-01,4.850767003958925128e-01,1.040348498573291560e-03,2.228519691197866290e-02,0.000000000000000000e+00,0.000000000000000000e+00,1.023480182148203355e+00,8.219354397122599076e-01,0.000000000000000000e+00,0.000000000000000000e+00,1.772476304251659474e-01,2.152840715270513960e-01,0.000000000000000000e+00,0.000000000000000000e+00,0.000000000000000000e+00,0.000000000000000000e+00,2.795378963565030017e-01,3.715355610246448559e-01,0.000000000000000000e+00,0.000000000000000000e+00,2.916280112390565865e-02,1.237102574856981385e-01,8.755735316527017004e-03,0.000000000000000000e+00,0.000000000000000000e+00,0.000000000000000000e+00,0.000000000000000000e+00,1.141545989738428635e-01,2.278601717506048008e-01,1.776155744571302764e-01,1.221698475879805929e-01,2.100206319338485464e-02,3.113510987528894484e-03,0.000000000000000000e+00,0.000000000000000000e+00,3.301005297006975869e-02,0.000000000000000000e+00,0.000000000000000000e+00,2.654110463442477252e-02,4.227173954946402551e-02,0.000000000000000000e+00,0.000000000000000000e+00,2.826584338308574945e-02,1.712449644491820799e-01
0.000000000000000000e+00,0.000000000000000000e+00,3.022560533419173523e-01,3.238093699789088009e-01,0.000000000000000000e+00,0.000000000000000000e+00,0.000000000000000000e+00,1.941845260356709138e-02,0.000000000000000000e+00,2.086243738836553174e-01,0.000000000000000000e+00,7.755857811291340387e-02,9.353366198375302754e-02,0.000000000000000000e+00,0.000000000000000000e+00,0.000000000000000000e+00,3.744884423784067967e-02,3.434485700642506134e-02,0.000000000000000000e+00,0.000000000000000000e+00,1.545478238331835286e+00,5.430588481920855415e+00,1.058940779476678529e+01,1.303837105462773671e+01,8.000207672466300934e+00,2.090152780622332784e+00,0.000000000000000000e+00,0.000000000000000000e+00,2.770655729412208057e-01,0.000000000000000000e+00,0.000000000000000000e+00,0.000000000000000000e+00,0.000000000000000000e+00,0.000000000000000000e+00,1.360321557000632620e+00,9.877804710369848529e-01,0.000000000000000000e+00,0.000000000000000000e+00,5.388234975111640956e-01,8.947367448973638782e-01,4.429046627082597332e-01,0.000000000000000000e+00,0.000000000000000000e+00,0.000000000000000000e+00,0.000000000000000000e+00,0.000000000000000000e+00,0.000000000000000000e+00,0.000000000000000000e+00,0.000000000000000000e+00,0.000000000000000000e+00,0.000000000000000000e+00,0.000000000000000000e+00,0.000000000000000000e+00,0.000000000000000000e+00,0.000000000000000000e+00,0.000000000000000000e+00,0.000000000000000000e+00,0.000000000000000000e+00,0.000000000000000000e+00,0.000000000000000000e+00,0.000000000000000000e+00,0.000000000000000000e+00,0.000000000000000000e+00,0.000000000000000000e+00,0.000000000000000000e+00,0.000000000000000000e+00,3.826378837892586982e-03,0.000000000000000000e+00,0.000000000000000000e+00,0.000000000000000000e+00,0.000000000000000000e+00,0.000000000000000000e+00,0.000000000000000000e+00,1.022074630021287470e-02,2.258138253863821443e-02,2.566862479473986172e-02,0.000000000000000000e+00,0.000000000000000000e+00,0.000000000000000000e+00,0.000000000000000000e+00,8.941612339336000095e-03,2.524007897971431921e-02,1.103799672422695402e-02,0.000000000000000000e+00,0.000000000000000000e+00,0.000000000000000000e+00,0.000000000000000000e+00,0.000000000000000000e+00,0.000000000000000000e+00,0.000000000000000000e+00,0.000000000000000000e+00,8.276303643589416614e-03,0.000000000000000000e+00,0.000000000000000000e+00,0.000000000000000000e+00,0.000000000000000000e+00,0.000000000000000000e+00,0.000000000000000000e+00,0.000000000000000000e+00,0.000000000000000000e+00
0.000000000000000000e+00,8.605767239919900197e-03,0.000000000000000000e+00,0.000000000000000000e+00,5.895640087005783042e-02,1.012008788138219761e-01,8.359084282505101215e-02,0.000000000000000000e+00,0.000000000000000000e+00,1.729646266310096506e-02,7.695848040638826430e-03,0.000000000000000000e+00,0.000000000000000000e+00,0.000000000000000000e+00,0.000000000000000000e+00,0.000000000000000000e+00,0.000000000000000000e+00,0.000000000000000000e+00,0.000000000000000000e+00,0.000000000000000000e+00,7.266535990008424380e-03,0.000000000000000000e+00,0.000000000000000000e+00,0.000000000000000000e+00,0.000000000000000000e+00,1.246014979330790778e-01,0.000000000000000000e+00,0.000000000000000000e+00,0.000000000000000000e+00,0.000000000000000000e+00,3.225023121821480460e-02,0.000000000000000000e+00,0.000000000000000000e+00,0.000000000000000000e+00,0.000000000000000000e+00,1.600352718231371485e-01,6.974237234291355558e-02,0.000000000000000000e+00,0.000000000000000000e+00,0.000000000000000000e+00,1.272372472044823732e-01,2.278222957695520343e-02,0.000000000000000000e+00,0.000000000000000000e+00,0.000000000000000000e+00,0.000000000000000000e+00,0.000000000000000000e+00,0.000000000000000000e+00,4.479838314456544880e-03,1.059651303814161394e-01,0.000000000000000000e+00,0.000000000000000000e+00,0.000000000000000000e+00,0.000000000000000000e+00,0.000000000000000000e+00,0.000000000000000000e+00,0.000000000000000000e+00,3.789493911254190883e-01,7.066857857468316073e-01,2.512008148403395147e-01,0.000000000000000000e+00,0.000000000000000000e+00,1.099080049511834273e-01,0.000000000000000000e+00,0.000000000000000000e+00,5.993048470813573392e-01,1.058268902453050941e+00,4.381427970184839649e-01,0.000000000000000000e+00,0.000000000000000000e+00,2.930547800438924044e-01,1.971985032541480498e+00,5.072190934574808630e+00,7.622204642615410641e+00,7.925115974905159177e+00,5.947886856402198497e+00,1.640302680688570103e+00,5.008771720702006602e-01,0.000000000000000000e+00,0.000000000000000000e+00,1.519580024113944272e-01,6.591263024428785089e-01,6.340253064280131357e-01,3.026928131208749817e-01,0.000000000000000000e+00,0.000000000000000000e+00,0.000000000000000000e+00,2.940926912804362608e-02,1.755680827122003129e-01,3.224137061612669108e-01,4.565044093038297390e-01,3.864247835580605361e-01,1.623969438297764301e-01,0.000000000000000000e+00,0.000000000000000000e+00,0.000000000000000000e+00,1.944689105179772670e-02,6.610312888547273391e-02,1.193910266034226425e-01,1.398601364379149781e-01
0.000000000000000000e+00,4.782282828051522827e+00,9.145816376628365774e+00,1.052449812689323316e+01,7.852981429807346814e+00,5.201492293880583873e+00,1.819374727517946155e+00,0.000000000000000000e+00,4.979662797544581188e-01,1.192672087102810918e+00,1.106451184025291079e+00,6.128225653072926216e-01,0.000000000000000000e+00,6.971551125773434165e-02,0.000000000000000000e+00,0.000000000000000000e+00,0.000000000000000000e+00,4.499092124844046581e-02,0.000000000000000000e+00,0.000000000000000000e+00,3.088495846999307348e-01,6.823079787322355871e-01,1.195292727074651840e+00,0.000000000000000000e+00,0.000000000000000000e+00,8.871655258094022223e-01,0.000000000000000000e+00,0.000000000000000000e+00,0.000000000000000000e+00,0.000000000000000000e+00,0.000000000000000000e+00,0.000000000000000000e+00,0.000000000000000000e+00,7.840111925786985569e-02,0.000000000000000000e+00,0.000000000000000000e+00,0.000000000000000000e+00,1.419049984192486194e-02,0.000000000000000000e+00,0.000000000000000000e+00,1.437191898653471800e-01,2.894034891556618305e-01,2.444432024793883121e-02,0.000000000000000000e+00,0.000000000000000000e+00,7.626190041338096193e-02,0.000000000000000000e+00,0.000000000000000000e+00,0.000000000000000000e+00,0.000000000000000000e+00,0.000000000000000000e+00,0.000000000000000000e+00,0.000000000000000000e+00,0.000000000000000000e+00,0.000000000000000000e+00,0.000000000000000000e+00,4.015650365934229915e-03,0.000000000000000000e+00,0.000000000000000000e+00,5.312669524428335205e-02,6.806480967337976383e-03,0.000000000000000000e+00,0.000000000000000000e+00,0.000000000000000000e+00,0.000000000000000000e+00,0.000000000000000000e+00,0.000000000000000000e+00,4.257678718908278898e-02,9.412590569059821333e-02,1.324385580981802812e-01,1.376877870748183796e-01,9.230621611016760764e-02,0.000000000000000000e+00,0.000000000000000000e+00,0.000000000000000000e+00,0.000000000000000000e+00,5.082637597692889891e-02,4.412474200355104986e-02,8.982950129090647856e-03,5.205886369471200009e-03,2.820395487035619667e-02,0.000000000000000000e+00,0.000000000000000000e+00,0.000000000000000000e+00,0.000000000000000000e+00,2.989455448259343423e-02,1.013759598262017753e-01,1.903847246081774858e-01,2.424347712950089551e-01,2.215310756639770062e-01,1.460260789373881707e-01,3.381383033593585163e-02,0.000000000000000000e+00,6.557914202177489785e-03,3.960863595456358410e-02,1.414232920529286397e-01,1.572964231710274330e-01,1.554181137019470804e-01,1.442900068143317671e-01,1.277091864309710667e-01
0.000000000000000000e+00,7.999150851464287976e-03,0.000000000000000000e+00,0.000000000000000000e+00,0.000000000000000000e+00,0.000000000000000000e+00,0.000000000000000000e+00,0.000000000000000000e+00,0.000000000000000000e+00,0.000000000000000000e+00,0.000000000000000000e+00,8.788201795783000259e-02,0.000000000000000000e+00,8.437150752949197641e-02,1.124452050141092341e-01,1.167424249515126161e-01,0.000000000000000000e+00,2.430478769561525698e-01,0.000000000000000000e+00,0.000000000000000000e+00,1.910977054823544685e-01,4.035731709026123548e-01,3.103685444143310379e-01,6.681201395667714371e-02,0.000000000000000000e+00,3.417095689759709343e-01,7.759279212164170714e-01,8.095328386994989078e-02,0.000000000000000000e+00,0.000000000000000000e+00,0.000000000000000000e+00,3.155391927218975101e-01,4.295773100777798281e-01,1.859737444399942735e-02,0.000000000000000000e+00,0.000000000000000000e+00,6.724615521147598862e-01,1.582258428762960190e+00,2.240774479536498554e+00,2.025197608255355330e+00,1.010370017526156738e+00,0.000000000000000000e+00,5.082320331804206504e-01,3.593486229841269974e+00,6.028771641355514355e+00,5.821730282142558721e+00,3.322556927276680838e+00,8.256664980219242667e-01,1.445836375643352878e-01,7.066665763943734196e-04,0.000000000000000000e+00,0.000000000000000000e+00,0.000000000000000000e+00,0.000000000000000000e+00,1.524016310421530407e-01,4.018780622422721827e-01,4.486547033731379530e-01,3.190389459754637558e-02,0.000000000000000000e+00,0.000000000000000000e+00,1.003329062678355588e-02,1.478640529403324466e-01,0.000000000000000000e+00,0.000000000000000000e+00,9.486583896741616895e-02,1.616184586339747264e-01,4.029798799990472885e-02,0.000000000000000000e+00,0.000000000000000000e+00,1.671842178936084472e-02,2.818627570553549483e-02,1.713795350161496922e-02,0.000000000000000000e+00,0.000000000000000000e+00,3.410516095489193877e-02,2.103801917197908877e-02,0.000000000000000000e+00,0.000000000000000000e+00,0.000000000000000000e+00,0.000000000000000000e+00,0.000000000000000000e+00,0.000000000000000000e+00,0.000000000000000000e+00,0.000000000000000000e+00,0.000000000000000000e+00,6.717115680716681872e-03,4.700665421331796240e-02,3.416900812741487103e-02,2.784013361862629210e-02,3.139057569926521993e-03,0.000000000000000000e+00,0.000000000000000000e+00,0.000000000000000000e+00,4.563475446682594555e-04,1.776053719109846329e-02,1.612784682308111145e-02,1.974793233249296301e-02,1.315650484451512565e-02,6.195244816137274006e-03,0.000000000000000000e+00
9.960342342544975525e-02,0.000000000000000000e+00,0.000000000000000000e+00,1.798308036415586023e-02,0.000000000000000000e+00,0.000000000000000000e+00,0.000000000000000000e+00,0.000000000000000000e+00,0.000000000000000000e+00,4.819121516343729053e-03,0.000000000000000000e+00,0.000000000000000000e+00,0.000000000000000000e+00,0.000000000000000000e+00,0.000000000000000000e+00,1.481554254996831632e-01,9.063312280383717390e-02,0.000000000000000000e+00,0.000000000000000000e+00,0.000000000000000000e+00,0.000000000000000000e+00,0.000000000000000000e+00,2.643306971250799619e-03,0.000000000000000000e+00,0.000000000000000000e+00,0.000000000000000000e+00,0.000000000000000000e+00,1.589298483151166674e-01,3.747883205342044111e-01,4.010786988345980131e-01,2.337425816119025057e-01,2.390479314330806043e-02,0.000000000000000000e+00,6.197991299198882253e-02,0.000000000000000000e+00,0.000000000000000000e+00,1.741610689727799699e-01,3.650389026054399744e-01,3.792920535932434167e-01,1.993043042871003590e-01,1.268966310146417142e-01,0.000000000000000000e+00,0.000000000000000000e+00,0.000000000000000000e+00,0.000000000000000000e+00,4.913134252860154594e-02,0.000000000000000000e+00,0.000000000000000000e+00,2.004817286897521145e-01,2.789778120387115812e-01,2.558860597917586022e-01,1.804565641812452825e-01,9.812764218621457257e-02,0.000000000000000000e+00,0.000000000000000000e+00,0.000000000000000000e+00,3.322213016468303359e-02,0.000000000000000000e+00,0.000000000000000000e+00,1.370415517284843676e-01,6.143311207468328539e-02,7.523624224486724632e-02,1.323980653412944880e-02,0.000000000000000000e+00,0.000000000000000000e+00,1.388054610993599489e-02,6.996060073942747537e-02,4.669394322035122502e-02,0.000000000000000000e+00,0.000000000000000000e+00,7.222004685261257384e-02,6.413304249504443721e-02,0.000000000000000000e+00,4.337899785536496189e-02,4.418440568700025134e-02,0.000000000000000000e+00,9.903222042043179421e-03,0.000000000000000000e+00,0.000000000000000000e+00,0.000000000000000000e+00,1.684054052620008457e-02,0.000000000000000000e+00,0.000000000000000000e+00,4.111663325438134203e-02,0.000000000000000000e+00,0.000000000000000000e+00,1.426507973661845785e-01,1.182963398941684896e-01,0.000000000000000000e+00,0.000000000000000000e+00,0.000000000000000000e+00,1.814281472216639213e-01,5.542973166985259992e-01,1.115411912870155398e+00,2.100347273478648358e+00,4.744101811046065542e+00,5.900285692723315378e+00,6.570791869928397588e+00,6.779466391967154948e+00,6.578594580502444167e+00
4.250251712344621513e-02,0.000000000000000000e+00,0.000000000000000000e+00,0.000000000000000000e+00,0.000000000000000000e+00,0.000000000000000000e+00,0.000000000000000000e+00,0.000000000000000000e+00,0.000000000000000000e+00,1.409029345392018122e-02,5.934348083895334830e-02,0.000000000000000000e+00,0.000000000000000000e+00,0.000000000000000000e+00,0.000000000000000000e+00,1.208526159346360873e-01,0.000000000000000000e+00,0.000000000000000000e+00,0.000000000000000000e+00,0.000000000000000000e+00,7.217881231953694743e-02,8.465005603107877974e-02,0.000000000000000000e+00,0.000000000000000000e+00,0.000000000000000000e+00,2.191816218192911503e+00,5.155746993119492139e+00,6.888627587078652859e+00,6.615447983772646978e+00,4.211219044354523433e+00,2.191791096648680881e+00,4.363645799422653515e-01,1.678199370583733918e-01,6.325822051029590387e-01,1.152052139497821370e+00,5.146602113675405876e-01,8.812018243318982258e-02,0.000000000000000000e+00,0.000000000000000000e+00,0.000000000000000000e+00,0.000000000000000000e+00,0.000000000000000000e+00,0.000000000000000000e+00,0.000000000000000000e+00,0.000000000000000000e+00,0.000000000000000000e+00,0.000000000000000000e+00,0.000000000000000000e+00,1.418194660816463892e-01,0.000000000000000000e+00,0.000000000000000000e+00,0.000000000000000000e+00,0.000000000000000000e+00,0.000000000000000000e+00,3.392178617555086095e-02,0.000000000000000000e+00,0.000000000000000000e+00,4.258439173524952159e-01,4.545101646865001843e-01,1.505879376520002366e-01,0.000000000000000000e+00,0.000000000000000000e+00,1.100570616609367336e-01,0.000000000000000000e+00,8.437265964825148290e-02,6.144106833586060468e-02,1.009465548143473335e-01,5.325448817568580878e-02,0.000000000000000000e+00,0.000000000000000000e+00,0.000000000000000000e+00,0.000000000000000000e+00,0.000000000000000000e+00,0.000000000000000000e+00,0.000000000000000000e+00,0.000000000000000000e+00,0.000000000000000000e+00,0.000000000000000000e+00,0.000000000000000000e+00,4.297704457631884925e-03,0.000000000000000000e+00,0.000000000000000000e+00,7.704819976363362459e-03,2.495098852218563881e-02,1.843379635829768201e-02,0.000000000000000000e+00,0.000000000000000000e+00,1.840723283429771331e-02,1.189335095930068725e-01,1.223425766908259604e-01,6.695256530161056152e-02,6.447463197422528824e-02,3.805829958250339651e-02,9.405393055608013810e-04,0.000000000000000000e+00,0.000000000000000000e+00,0.000000000000000000e+00,0.000000000000000000e+00,4.020636427247747946e-02,1.091885231299927761e-01
0.000000000000000000e+00,0.000000000000000000e+00,0.000000000000000000e+00,0.000000000000000000e+00,0.000000000000000000e+00,0.000000000000000000e+00,0.000000000000000000e+00,0.000000000000000000e+00,7.212098841328840049e-03,0.000000000000000000e+00,0.000000000000000000e+00,0.000000000000000000e+00,0.000000000000000000e+00,0.000000000000000000e+00,0.000000000000000000e+00,0.000000000000000000e+00,0.000000000000000000e+00,2.042718455037073264e-02,1.669368839489094106e-02,0.000000000000000000e+00,0.000000000000000000e+00,0.000000000000000000e+00,0.000000000000000000e+00,0.000000000000000000e+00,0.000000000000000000e+00,0.000000000000000000e+00,0.000000000000000000e+00,0.000000000000000000e+00,7.942914078024514504e-03,0.000000000000000000e+00,2.419739937426811788e-02,0.000000000000000000e+00,0.000000000000000000e+00,0.000000000000000000e+00,0.000000000000000000e+00,0.000000000000000000e+00,0.000000000000000000e+00,0.000000000000000000e+00,0.000000000000000000e+00,0.000000000000000000e+00,0.000000000000000000e+00,0.000000000000000000e+00,0.000000000000000000e+00,0.000000000000000000e+00,4.828391733126352614e-02,0.000000000000000000e+00,0.000000000000000000e+00,0.000000000000000000e+00,0.000000000000000000e+00,0.000000000000000000e+00,0.000000000000000000e+00,1.403815383751715329e-01,2.218605743823363619e-01,1.733030356993742471e-01,0.000000000000000000e+00,0.000000000000000000e+00,0.000000000000000000e+00,8.286011831220267965e-01,5.873310738343699988e-01,3.286501239150024789e-01,0.000000000000000000e+00,0.000000000000000000e+00,3.315190053912821511e-01,3.997560918259952523e-01,0.000000000000000000e+00,0.000000000000000000e+00,0.000000000000000000e+00,2.589438133383538121e-01,4.557861143767344969e-01,3.557151615416875301e-01,0.000000000000000000e+00,0.000000000000000000e+00,2.795787637043974927e-01,5.752698458893551470e-01,3.819607173941573230e-01,0.000000000000000000e+00,0.000000000000000000e+00,1.191959366686847988e+00,3.074856076849717734e+00,5.250634050053016644e+00,6.647328497374083156e+00,6.150774139776717497e+00,4.389401885414029536e+00,2.445663545083472279e+00,7.881818371311419824e-01,0.000000000000000000e+00,0.000000000000000000e+00,2.695285165061637733e-01,4.886488803312531437e-01,2.806362291300775191e-01,8.197180124108006949e-02,0.000000000000000000e+00,0.000000000000000000e+00,0.000000000000000000e+00,5.198804018178029840e-02,2.155841314717214796e-01,2.759824856665368809e-01,2.246347082665254846e-01,1.047295397349970458e-01,0.000000000000000000e+00
0.000000000000000000e+00,0.000000000000000000e+00,0.000000000000000000e+00,0.000000000000000000e+00,0.000000000000000000e+00,0.000000000000000000e+00,0.000000000000000000e+00,1.684073919346320766e-02,0.000000000000000000e+00,0.000000000000000000e+00,2.234507785525327236e-02,0.000000000000000000e+00,8.471487269084397587e-02,1.189292040134998646e-01,0.000000000000000000e+00,7.590072449158652423e-02,5.380443232729444775e-02,0.000000000000000000e+00,0.000000000000000000e+00,0.000000000000000000e+00,1.014460434102487235e-01,1.027214932565075761e-01,0.000000000000000000e+00,0.000000000000000000e+00,0.000000000000000000e+00,1.178480177794950963e-02,0.000000000000000000e+00,0.000000000000000000e+00,6.875984780294576264e-03,0.000000000000000000e+00,3.126589702707956858e-02,0.000000000000000000e+00,0.000000000000000000e+00,7.053333481918276637e-02,0.000000000000000000e+00,0.000000000000000000e+00,1.388392413896319677e-01,3.358514795334260894e-01,3.788161543191044256e-01,2.574798848608672586e-01,1.983581505013534974e-01,1.150149109294121702e-01,0.000000000000000000e+00,0.000000000000000000e+00,0.000000000000000000e+00,0.000000000000000000e+00,0.000000000000000000e+00,0.000000000000000000e+00,0.000000000000000000e+00,0.000000000000000000e+00,0.000000000000000000e+00,3.660547026332697934e-02,2.006116478199447550e-02,0.000000000000000000e+00,1.462208744116584025e-01,2.966282039666600645e-01,7.263116703118606132e-01,0.000000000000000000e+00,0.000000000000000000e+00,2.312038132366933674e-01,4.933348966123973223e-01,1.277570951686891332e-01,0.000000000000000000e+00,0.000000000000000000e+00,4.639774686941179893e-01,1.646241112308927668e-01,0.000000000000000000e+00,0.000000000000000000e+00,5.187185521354247680e-02,0.000000000000000000e+00,0.000000000000000000e+00,3.212352806311292303e-02,0.000000000000000000e+00,0.000000000000000000e+00,1.115154282584321921e+00,3.834328438480878898e+00,8.181018677907067271e+00,8.260265815948951484e+00,6.911403267021727359e+00,4.734186258013885151e+00,2.371681479891932565e+00,4.687798076492972199e-01,0.000000000000000000e+00,0.000000000000000000e+00,3.113862716050305735e-01,3.661192526385168566e-01,3.026467249325520692e-01,1.155211997083463310e-01,0.000000000000000000e+00,0.000000000000000000e+00,4.176470175143796176e-02,1.937247880408225764e-01,1.995836658820390741e-01,9.375409904415815676e-02,0.000000000000000000e+00,0.000000000000000000e+00,0.000000000000000000e+00,7.625211095791376015e-02,2.252702465139053145e-01,3.962053074991626067e-01
0.000000000000000000e+00,0.000000000000000000e+00,0.000000000000000000e+00,0.000000000000000000e+00,3.894704076045686376e-03,0.000000000000000000e+00,0.000000000000000000e+00,0.000000000000000000e+00,2.970800623770055576e-03,0.000000000000000000e+00,0.000000000000000000e+00,0.000000000000000000e+00,0.000000000000000000e+00,0.000000000000000000e+00,0.000000000000000000e+00,2.303338902041980260e-02,0.000000000000000000e+00,0.000000000000000000e+00,3.232389309359235963e-01,4.629179074353980683e-01,4.262953728304962053e-02,0.000000000000000000e+00,0.000000000000000000e+00,2.647268032922949627e-02,0.000000000000000000e+00,0.000000000000000000e+00,0.000000000000000000e+00,0.000000000000000000e+00,0.000000000000000000e+00,0.000000000000000000e+00,0.000000000000000000e+00,0.000000000000000000e+00,0.000000000000000000e+00,0.000000000000000000e+00,0.000000000000000000e+00,0.000000000000000000e+00,0.000000000000000000e+00,0.000000000000000000e+00,0.000000000000000000e+00,0.000000000000000000e+00,0.000000000000000000e+00,7.131681989357734064e-02,8.574701441027239301e-01,1.266208187742106750e+00,1.272733981314982943e+00,3.650812586889307099e-01,0.000000000000000000e+00,8.845875054761755119e-02,1.207292164195407358e-01,1.222378137118905611e-01,6.982195488289599794e-01,1.824068579598590700e+00,3.054884400168767389e+00,3.966644990303902940e+00,3.901353803898385042e+00,2.654206139037311285e+00,1.540857953958158832e+00,0.000000000000000000e+00,0.000000000000000000e+00,0.000000000000000000e+00,2.921435332210065572e-01,1.394585227981671449e-01,0.000000000000000000e+00,0.000000000000000000e+00,1.911975337206006931e-01,3.289619306948625074e-03,0.000000000000000000e+00,0.000000000000000000e+00,6.630767862705140916e-03,4.169952871926110166e-02,7.849406865151228874e-02,9.656425885780403617e-02,0.000000000000000000e+00,1.021025455960821761e-02,1.846854220266335722e-01,2.216412109253069473e-01,1.138595721219936713e-01,2.927844916317435403e-02,0.000000000000000000e+00,0.000000000000000000e+00,0.000000000000000000e+00,0.000000000000000000e+00,0.000000000000000000e+00,3.263444344304883976e-03,1.269265058531743318e-02,0.000000000000000000e+00,0.000000000000000000e+00,1.905764964304742376e-02,0.000000000000000000e+00,0.000000000000000000e+00,0.000000000000000000e+00,7.503281055703961422e-02,1.098441293812700281e-01,1.075122215523022923e-01,8.489238298618194400e-02,3.780569902821508121e-02,2.350019937001617334e-02,3.089750153706141700e-02,5.837829536847157635e-02,7.352129470257785793e-02
0.000000000000000000e+00,0.000000000000000000e+00,0.000000000000000000e+00,1.720280273640254487e-01,3.815070184863367242e-02,0.000000000000000000e+00,0.000000000000000000e+00,2.030131998469543800e-02,1.677156035961525210e-02,0.000000000000000000e+00,0.000000000000000000e+00,1.170573023862352818e-01,0.000000000000000000e+00,0.000000000000000000e+00,1.443909170339565951e-01,0.000000000000000000e+00,0.000000000000000000e+00,3.438449168022348484e-02,0.000000000000000000e+00,0.000000000000000000e+00,9.457870368204372713e-02,0.000000000000000000e+00,0.000000000000000000e+00,0.000000000000000000e+00,0.000000000000000000e+00,0.000000000000000000e+00,0.000000000000000000e+00,0.000000000000000000e+00,1.106920805299625443e-01,0.000000000000000000e+00,0.000000000000000000e+00,1.327796964073791885e-01,1.942858748414107717e-01,0.000000000000000000e+00,0.000000000000000000e+00,0.000000000000000000e+00,1.876824605688157954e-01,1.667089344717264110e-01,0.000000000000000000e+00,0.000000000000000000e+00,0.000000000000000000e+00,0.000000000000000000e+00,0.000000000000000000e+00,0.000000000000000000e+00,0.000000000000000000e+00,0.000000000000000000e+00,0.000000000000000000e+00,0.000000000000000000e+00,0.000000000000000000e+00,4.923534281600899232e-01,9.958097930191881497e-01,5.386756565280766962e-01,6.774879121472794363e-01,1.193633979825792224e+00,8.455143141669395346e-02,0.000000000000000000e+00,0.000000000000000000e+00,5.393833738959286084e-01,2.506383688507905383e+00,5.349552198979579565e+00,8.009900347922389585e+00,6.339047674886290729e+00,1.751595745077013877e+00,0.000000000000000000e+00,0.000000000000000000e+00,2.689798905143924723e-01,2.034628759179218371e-01,1.807065345331929362e-01,0.000000000000000000e+00,0.000000000000000000e+00,6.010819332855537461e-02,9.734067814610464220e-02,0.000000000000000000e+00,0.000000000000000000e+00,0.000000000000000000e+00,0.000000000000000000e+00,9.360638588088032730e-02,0.000000000000000000e+00,0.000000000000000000e+00,0.000000000000000000e+00,0.000000000000000000e+00,0.000000000000000000e+00,0.000000000000000000e+00,1.098186326027253135e-01,1.100270219572753311e-01,0.000000000000000000e+00,0.000000000000000000e+00,0.000000000000000000e+00,2.506982454120612047e-01,3.411150310110457884e-01,2.790172842519649254e-01,1.590365402973122344e-01,3.291638238107003067e-02,0.000000000000000000e+00,0.000000000000000000e+00,0.000000000000000000e+00,7.567654209707675751e-03,1.236924180144977764e-02,0.000000000000000000e+00,0.000000000000000000e+00
0.000000000000000000e+00,0.000000000000000000e+00,0.000000000000000000e+00,0.000000000000000000e+00,0.000000000000000000e+00,3.804638093685230524e-03,3.379980458788785051e-03,0.000000000000000000e+00,0.000000000000000000e+00,3.334942335172490918e-04,0.000000000000000000e+00,0.000000000000000000e+00,0.000000000000000000e+00,0.000000000000000000e+00,0.000000000000000000e+00,2.294741399797896320e-02,5.705535030187094958e-02,0.000000000000000000e+00,0.000000000000000000e+00,2.306781725185519036e-02,2.303336837497665587e-02,0.000000000000000000e+00,0.000000000000000000e+00,0.000000000000000000e+00,0.000000000000000000e+00,2.969908388530238200e-03,0.000000000000000000e+00,0.000000000000000000e+00,0.000000000000000000e+00,0.000000000000000000e+00,0.000000000000000000e+00,2.814999775253229988e-03,0.000000000000000000e+00,0.000000000000000000e+00,2.892104500076968232e-02,0.000000000000000000e+00,0.000000000000000000e+00,0.000000000000000000e+00,0.000000000000000000e+00,0.000000000000000000e+00,0.000000000000000000e+00,3.086136440760011215e-02,0.000000000000000000e+00,0.000000000000000000e+00,0.000000000000000000e+00,0.000000000000000000e+00,3.782540741343594359e-02,3.214142239155046155e-03,0.000000000000000000e+00,0.000000000000000000e+00,0.000000000000000000e+00,1.688899297744731187e-01,1.972162333001418744e-01,0.000000000000000000e+00,0.000000000000000000e+00,0.000000000000000000e+00,1.164174857536176555e-02,1.298197261476831121e-01,7.247062065749251825e-02,7.611105519912740591e-02,0.000000000000000000e+00,0.000000000000000000e+00,4.443716984645812440e-01,1.316220908500542963e+00,1.744704296231616159e+00,1.413748984122661589e+00,7.226020956393025552e-01,1.947734909354601751e-01,0.000000000000000000e+00,0.000000000000000000e+00,3.297412826130639851e-02,3.541754590980623202e-02,0.000000000000000000e+00,1.829790045396036818e-02,0.000000000000000000e+00,0.000000000000000000e+00,2.681091812971398217e-02,0.000000000000000000e+00,0.000000000000000000e+00,0.000000000000000000e+00,0.000000000000000000e+00,0.000000000000000000e+00,3.476250373844129004e-03,1.417854974543475248e-02,2.447810148748653502e-03,0.000000000000000000e+00,0.000000000000000000e+00,0.000000000000000000e+00,1.827804373736767463e-02,3.131252165592724596e-02,2.256366202970723489e-02,1.493187294221780433e-02,3.182579009318220725e-03,0.000000000000000000e+00,0.000000000000000000e+00,6.044023766524263264e-03,1.952617360341242850e-02,3.334823678644826400e-02,4.006598399444567804e-02,3.072841024497003845e-02
1.475825622972077644e+00,0.000000000000000000e+00,0.000000000000000000e+00,1.660459126818757181e+00,5.305247072495839156e+00,9.339658626181007506e+00,1.369624846432498622e+01,1.194911661953683080e+01,5.786969304796973468e+00,1.053038957168176859e+00,0.000000000000000000e+00,0.000000000000000000e+00,1.348814945848575975e-01,0.000000000000000000e+00,0.000000000000000000e+00,0.000000000000000000e+00,0.000000000000000000e+00,1.655424628516422303e-01,0.000000000000000000e+00,0.000000000000000000e+00,0.000000000000000000e+00,0.000000000000000000e+00,0.000000000000000000e+00,2.137021435166424954e+00,1.072370412524609407e+00,0.000000000000000000e+00,0.000000000000000000e+00,0.000000000000000000e+00,5.007917771167131882e-01,5.154110640069354821e-01,0.000000000000000000e+00,0.000000000000000000e+00,1.624562073639595594e+00,1.184399411112751599e+00,0.000000000000000000e+00,0.000000000000000000e+00,1.428641883806095025e+00,1.470644222127178047e+00,0.000000000000000000e+00,0.000000000000000000e+00,0.000000000000000000e+00,0.000000000000000000e+00,0.000000000000000000e+00,0.000000000000000000e+00,0.000000000000000000e+00,0.000000000000000000e+00,0.000000000000000000e+00,0.000000000000000000e+00,0.000000000000000000e+00,0.000000000000000000e+00,0.000000000000000000e+00,0.000000000000000000e+00,0.000000000000000000e+00,3.938155168164154951e-02,0.000000000000000000e+00,0.000000000000000000e+00,1.050901335638755943e-02,5.971598737188168853e-03,0.000000000000000000e+00,0.000000000000000000e+00,0.000000000000000000e+00,1.228048851161940916e-02,3.939325166545647877e-02,0.000000000000000000e+00,3.239394556529107128e-02,3.155646282157654331e-02,1.128813449071858210e-02,0.000000000000000000e+00,0.000000000000000000e+00,0.000000000000000000e+00,0.000000000000000000e+00,0.000000000000000000e+00,1.149855999729205470e-02,0.000000000000000000e+00,0.000000000000000000e+00,1.891192619714570158e-02,4.562085172600918032e-02,5.630456444912689679e-02,7.243181967808072497e-02,6.099241087723916016e-02,1.667814274874531225e-02,0.000000000000000000e+00,0.000000000000000000e+00,0.000000000000000000e+00,0.000000000000000000e+00,0.000000000000000000e+00,1.104547802030780498e-02,0.000000000000000000e+00,0.000000000000000000e+00,1.019369231718612531e-02,4.617188296860429142e-02,8.619575309265606333e-02,8.441772972399268216e-02,6.953734027127414508e-02,7.809186631977803328e-02,1.498976361516035118e-02,6.894159031878047475e-03,0.000000000000000000e+00,0.000000000000000000e+00,9.025843178714980722e-03
0.000000000000000000e+00,0.000000000000000000e+00,0.000000000000000000e+00,4.228730978285437092e-01,1.066454002452764227e+00,8.688187382408414372e-01,6.872513263589087318e-01,0.000000000000000000e+00,0.000000000000000000e+00,8.489497313385895721e-03,3.812376989285286566e-01,9.319748897867849435e-02,0.000000000000000000e+00,5.711967675970118785e-01,1.024083714884946206e+00,8.746418278130317636e-02,0.000000000000000000e+00,4.032981575868179180e-01,2.808691291806389767e+00,1.326026018412256313e+01,1.278823285358106965e+01,8.134177761425450015e+00,2.534586470931702973e+00,0.000000000000000000e+00,0.000000000000000000e+00,6.890860497943936958e-01,0.000000000000000000e+00,0.000000000000000000e+00,0.000000000000000000e+00,0.000000000000000000e+00,0.000000000000000000e+00,0.000000000000000000e+00,0.000000000000000000e+00,0.000000000000000000e+00,0.000000000000000000e+00,0.000000000000000000e+00,0.000000000000000000e+00,0.000000000000000000e+00,0.000000000000000000e+00,7.038843885619853191e-01,7.131707102335951287e-01,0.000000000000000000e+00,1.276205167364918569e-01,1.460605426309806054e+00,6.961912839144662746e-01,0.000000000000000000e+00,0.000000000000000000e+00,3.272024181476567151e-01,1.718984803261014993e-01,0.000000000000000000e+00,0.000000000000000000e+00,0.000000000000000000e+00,0.000000000000000000e+00,0.000000000000000000e+00,0.000000000000000000e+00,0.000000000000000000e+00,0.000000000000000000e+00,0.000000000000000000e+00,2.780595619033311011e-02,5.644076798756645502e-02,0.000000000000000000e+00,0.000000000000000000e+00,1.982612637816875273e-02,0.000000000000000000e+00,0.000000000000000000e+00,0.000000000000000000e+00,0.000000000000000000e+00,8.659951405905438535e-03,0.000000000000000000e+00,0.000000000000000000e+00,2.530649157644462421e-03,0.000000000000000000e+00,0.000000000000000000e+00,0.000000000000000000e+00,0.000000000000000000e+00,8.004494324723384485e-03,0.000000000000000000e+00,0.000000000000000000e+00,6.843022093792885605e-03,0.000000000000000000e+00,0.000000000000000000e+00,0.000000000000000000e+00,0.000000000000000000e+00,1.151193255479020933e-02,1.668207195042252858e-02,6.548425312619446902e-03,0.000000000000000000e+00,0.000000000000000000e+00,0.000000000000000000e+00,0.000000000000000000e+00,0.000000000000000000e+00,1.894439874354596903e-02,7.263669153538352546e-03,0.000000000000000000e+00,0.000000000000000000e+00,0.000000000000000000e+00,0.000000000000000000e+00,0.000000000000000000e+00,3.711658818398825763e-03,3.093150115238178788e-02
1.262067749285892049e+01,8.674701896861149564e+00,3.622717008100468483e+00,3.629236744277963278e-01,0.000000000000000000e+00,0.000000000000000000e+00,1.205018814091609325e-01,0.000000000000000000e+00,2.572853046658706844e-01,4.674725375215015299e-01,0.000000000000000000e+00,0.000000000000000000e+00,9.078703994382626707e-02,0.000000000000000000e+00,0.000000000000000000e+00,4.254632154425783130e-02,1.972866008195837129e-01,0.000000000000000000e+00,0.000000000000000000e+00,0.000000000000000000e+00,0.000000000000000000e+00,0.000000000000000000e+00,0.000000000000000000e+00,6.813147979357719874e-01,1.048603056633030439e+00,0.000000000000000000e+00,0.000000000000000000e+00,0.000000000000000000e+00,2.449604117497543587e-01,3.047480750403565586e-01,0.000000000000000000e+00,0.000000000000000000e+00,0.000000000000000000e+00,0.000000000000000000e+00,0.000000000000000000e+00,1.779431815146148288e-01,1.791515589292498323e-01,2.312160951770936626e-02,0.000000000000000000e+00,0.000000000000000000e+00,0.000000000000000000e+00,0.000000000000000000e+00,0.000000000000000000e+00,0.000000000000000000e+00,0.000000000000000000e+00,3.068370605596051903e-02,0.000000000000000000e+00,0.000000000000000000e+00,0.000000000000000000e+00,0.000000000000000000e+00,0.000000000000000000e+00,0.000000000000000000e+00,0.000000000000000000e+00,0.000000000000000000e+00,0.000000000000000000e+00,0.000000000000000000e+00,1.022972884752463597e-02,0.000000000000000000e+00,0.000000000000000000e+00,0.000000000000000000e+00,0.000000000000000000e+00,0.000000000000000000e+00,3.024019766153811933e-02,7.481190133488108129e-03,0.000000000000000000e+00,7.618407743297899576e-03,2.494091138852163464e-02,1.624791740573643464e-02,0.000000000000000000e+00,0.000000000000000000e+00,0.000000000000000000e+00,0.000000000000000000e+00,0.000000000000000000e+00,0.000000000000000000e+00,6.730368759603312136e-03,0.000000000000000000e+00,2.626021548975574979e-02,3.489583567233695005e-02,3.955474936856050866e-02,4.964233686148512847e-02,4.566276888578904569e-02,2.100905335757294323e-02,0.000000000000000000e+00,0.000000000000000000e+00,0.000000000000000000e+00,0.000000000000000000e+00,0.000000000000000000e+00,6.115900862553359969e-03,0.000000000000000000e+00,0.000000000000000000e+00,0.000000000000000000e+00,2.530331412570922811e-02,5.400118905036928318e-02,7.038964203680185550e-02,6.949736865321599899e-02,3.389100591530119777e-02,3.146334596148171823e-03,0.000000000000000000e+00,0.000000000000000000e+00,0.000000000000000000e+00
3.396810733495276430e-02,2.250955880673998627e-02,0.000000000000000000e+00,0.000000000000000000e+00,1.692409716018376462e-02,6.250912659045098187e-04,0.000000000000000000e+00,0.000000000000000000e+00,0.000000000000000000e+00,0.000000000000000000e+00,0.000000000000000000e+00,0.000000000000000000e+00,7.652682271555470012e-03,8.893769573416043794e-02,1.205240952187376785e-01,1.228168198287573898e-01,5.977789106279472742e-02,1.782142489308830360e-02,0.000000000000000000e+00,0.000000000000000000e+00,5.200711119715059616e-02,8.380817536205664720e-02,1.081350334852037437e-01,0.000000000000000000e+00,0.000000000000000000e+00,0.000000000000000000e+00,0.000000000000000000e+00,7.756088701940730412e-02,0.000000000000000000e+00,0.000000000000000000e+00,0.000000000000000000e+00,2.272573013413476187e-02,0.000000000000000000e+00,0.000000000000000000e+00,0.000000000000000000e+00,0.000000000000000000e+00,0.000000000000000000e+00,0.000000000000000000e+00,0.000000000000000000e+00,0.000000000000000000e+00,1.377281034425816150e-04,0.000000000000000000e+00,0.000000000000000000e+00,0.000000000000000000e+00,1.171903204844422855e-02,0.000000000000000000e+00,0.000000000000000000e+00,7.967572837288501575e-02,1.457156495061939505e-01,6.311907039350493631e-02,0.000000000000000000e+00,0.000000000000000000e+00,0.000000000000000000e+00,0.000000000000000000e+00,0.000000000000000000e+00,0.000000000000000000e+00,0.000000000000000000e+00,0.000000000000000000e+00,0.000000000000000000e+00,0.000000000000000000e+00,4.489584061516956742e-02,2.843909827875737428e-02,0.000000000000000000e+00,0.000000000000000000e+00,6.916297349723585230e-02,9.585688014450301220e-02,7.015130900114398271e-02,0.000000000000000000e+00,0.000000000000000000e+00,7.793228720974731960e-02,2.815303826646533003e-01,3.759747614812617988e-01,2.500441950574835981e-01,0.000000000000000000e+00,0.000000000000000000e+00,3.662060933801609269e-02,2.231026674003307453e-01,1.606947991526731789e-01,0.000000000000000000e+00,0.000000000000000000e+00,0.000000000000000000e+00,0.000000000000000000e+00,0.000000000000000000e+00,0.000000000000000000e+00,0.000000000000000000e+00,0.000000000000000000e+00,0.000000000000000000e+00,5.190365623745120116e-01,1.554265540329041961e+00,2.717064055489626373e+00,4.026532847097921142e+00,5.149578781909442959e+00,5.833405025271241939e+00,5.954684048058505930e+00,5.306852419952103439e+00,2.819558403005282265e+00,1.693119069719046577e+00,7.705254421483138660e-01,1.714021979698057419e-01,0.000000000000000000e+00
0.000000000000000000e+00,3.254254391812841374e-01,3.128130960830619589e-01,0.000000000000000000e+00,0.000000000000000000e+00,0.000000000000000000e+00,0.000000000000000000e+00,4.469829607673465599e-01,2.327060844677673601e-01,0.000000000000000000e+00,0.000000000000000000e+00,4.744408930117514633e-01,0.000000000000000000e+00,0.000000000000000000e+00,0.000000000000000000e+00,1.428959834107431937e-01,1.243754946996826066e-01,0.000000000000000000e+00,0.000000000000000000e+00,0.000000000000000000e+00,2.742342152190857529e-02,0.000000000000000000e+00,0.000000000000000000e+00,0.000000000000000000e+00,5.206178435739321486e-01,0.000000000000000000e+00,0.000000000000000000e+00,0.000000000000000000e+00,1.240043415460850007e-01,2.363895239626073730e-01,0.000000000000000000e+00,0.000000000000000000e+00,0.000000000000000000e+00,0.000000000000000000e+00,1.225386758080058147e+00,0.000000000000000000e+00,0.000000000000000000e+00,4.059676559535693174e-01,5.714839821998755731e+00,7.808232898062351879e+00,9.856161644239227471e+00,9.366997292196060698e+00,6.392824518312114179e+00,2.399306947557559688e+00,8.825305180095109892e-01,0.000000000000000000e+00,0.000000000000000000e+00,0.000000000000000000e+00,6.138108513799693799e-01,4.798317250991223082e-01,2.923604681645665115e-01,3.500846010947073483e-01,3.077085374368958570e-01,0.000000000000000000e+00,0.000000000000000000e+00,0.000000000000000000e+00,0.000000000000000000e+00,0.000000000000000000e+00,0.000000000000000000e+00,0.000000000000000000e+00,0.000000000000000000e+00,0.000000000000000000e+00,0.000000000000000000e+00,0.000000000000000000e+00,0.000000000000000000e+00,0.000000000000000000e+00,3.881680920914681865e-02,0.000000000000000000e+00,0.000000000000000000e+00,0.000000000000000000e+00,0.000000000000000000e+00,0.000000000000000000e+00,0.000000000000000000e+00,0.000000000000000000e+00,1.180224714107627748e-01,8.354261461218007168e-02,9.564803701732070562e-02,4.383592648849941181e-02,0.000000000000000000e+00,0.000000000000000000e+00,0.000000000000000000e+00,5.053431870354561234e-02,1.647557640701411141e-01,2.466390892264939405e-01,2.675005296333559102e-01,2.502861307283239523e-01,1.282624620254662062e-01,6.265331729908389657e-02,1.053233564040211533e-02,0.000000000000000000e+00,0.000000000000000000e+00,2.589324621852030425e-02,1.166543825132173307e-01,1.739826074855017890e-01,1.376483795519748976e-01,1.318330378781459172e-02,0.000000000000000000e+00,0.000000000000000000e+00,0.000000000000000000e+00,0.000000000000000000e+00
1.713457653598605690e-01,0.000000000000000000e+00,0.000000000000000000e+00,0.000000000000000000e+00,8.109400314919724961e-02,0.000000000000000000e+00,0.000000000000000000e+00,0.000000000000000000e+00,0.000000000000000000e+00,0.000000000000000000e+00,0.000000000000000000e+00,0.000000000000000000e+00,0.000000000000000000e+00,7.552449374024940154e-02,0.000000000000000000e+00,7.470457081989942405e-02,1.190756270101673980e-01,0.000000000000000000e+00,0.000000000000000000e+00,0.000000000000000000e+00,0.000000000000000000e+00,0.000000000000000000e+00,0.000000000000000000e+00,0.000000000000000000e+00,0.000000000000000000e+00,3.472036572673686643e-03,0.000000000000000000e+00,0.000000000000000000e+00,0.000000000000000000e+00,0.000000000000000000e+00,0.000000000000000000e+00,0.000000000000000000e+00,0.000000000000000000e+00,7.871795458104578758e-02,0.000000000000000000e+00,0.000000000000000000e+00,0.000000000000000000e+00,0.000000000000000000e+00,2.342365718488258804e-03,0.000000000000000000e+00,0.000000000000000000e+00,0.000000000000000000e+00,0.000000000000000000e+00,0.000000000000000000e+00,0.000000000000000000e+00,0.000000000000000000e+00,0.000000000000000000e+00,0.000000000000000000e+00,0.000000000000000000e+00,0.000000000000000000e+00,0.000000000000000000e+00,0.000000000000000000e+00,0.000000000000000000e+00,0.000000000000000000e+00,5.831211841331707113e-01,6.360695384071441971e-01,4.677164160141020210e-01,0.000000000000000000e+00,0.000000000000000000e+00,1.096861667850237282e-01,4.007689305890962950e-01,4.426821638256671076e-01,0.000000000000000000e+00,0.000000000000000000e+00,4.278366317061906288e-01,4.020889699150851371e-01,4.078299781528954004e-01,2.671011592926450171e-02,0.000000000000000000e+00,0.000000000000000000e+00,5.791180269681650561e-01,4.032942526564703978e-01,0.000000000000000000e+00,0.000000000000000000e+00,3.972909366577211387e-01,5.364838976770230916e-01,2.574027498327254859e-01,0.000000000000000000e+00,0.000000000000000000e+00,0.000000000000000000e+00,1.448635341697119605e+00,5.236143933335999812e+00,9.185267638534655887e+00,1.244848027689526404e+01,1.270397908313024793e+01,1.033654764876318310e+01,6.698813676480219748e+00,3.017697416591765158e+00,5.442313205743307680e-01,0.000000000000000000e+00,0.000000000000000000e+00,1.821079785357944125e-01,6.740654498075900891e-01,1.109409496107360837e+00,1.170867701203011979e+00,5.392034948931578864e-01,3.904921128131818020e-01,1.677484489005244273e-01,6.236772361300841477e-02,0.000000000000000000e+00
